minute,grid,file,reasoning
0,grid_06,minute_00.json,"The individual is holding a blue writing instrument and appears to be actively engaged in writing or drawing."
0,grid_20,minute_00.json,"The description implies active engagement with writing due to the individual's focused posture and the presence of writing instruments."
1,grid_06,minute_01.json,"The individual is holding a writing instrument and appears to be engaged in the act of writing."
2,grid_01,minute_02.json,"The individual is holding a writing instrument, indicating an action related to writing."
3,grid_02,minute_03.json,"The individual is holding a writing instrument and appears to be actively engaged with their materials, indicating writing behavior."
3,grid_09,minute_03.json,"The individual is shown holding a writing instrument and appears engaged in writing or drawing."
4,grid_02,minute_04.json,"The individual is seen holding a writing instrument and appears to be engaged in writing or preparing to write throughout the frames."
6,grid_06,minute_06.json,"The individual is seen holding a writing instrument, indicating potential writing activity."
6,grid_08,minute_06.json,"The first individual is confirmed to be engaged in writing, as indicated by the presence of a writing instrument and a 'writing' tag."
7,grid_04,minute_07.json,"The individual is holding a pen, indicating potential writing activity."
7,grid_14,minute_07.json,"The young man is seen holding a writing instrument and appears to be actively writing in the final frame."
7,grid_18,minute_07.json,"The description indicates that the woman is holding a pen and manipulating it, suggesting active writing behavior."
8,grid_22,minute_08.json,"The young woman is holding a pen and appears to be engaged in writing or drawing, indicating active writing behavior."
9,grid_02,minute_09.json,"The description indicates that the woman is observed writing with a pen, demonstrating active writing behavior."
9,grid_04,minute_09.json,"The individual is holding a small object that suggests they are preparing to write, indicating writing behavior."
9,grid_19,minute_09.json,"The individual is actively holding a writing instrument and appears to be engaged in writing."
9,grid_21,minute_09.json,"The individual is clearly engaged in writing while holding a pen, indicating active writing behavior."
9,grid_22,minute_09.json,"The description clearly indicates that the woman is actively writing on paper with a writing instrument in hand."
10,grid_02,minute_10.json,"The young woman is engaged in a task that involves manipulating a writing instrument, suggesting active writing or drawing behavior."
10,grid_04,minute_10.json,"The individual is holding a writing instrument and appears to be engaged in writing, as indicated by the motion of their hand making contact with a surface."
10,grid_05,minute_10.json,"The woman is engaged in writing, as indicated by her hands positioned near a surface and her fingers poised as if in motion."
10,grid_08,minute_10.json,"The individual is holding a writing instrument and appears to be preparing to write or draw, indicating active engagement in writing behavior."
11,grid_11,minute_11.json,"The individual is holding a writing instrument and making gestures that suggest active engagement in communication."
11,grid_18,minute_11.json,"The man is seen holding a pen and poised to write on a notepad, indicating active writing behavior."
11,grid_20,minute_11.json,"The woman is actively writing while holding a pen and appears focused on her task."
12,grid_02,minute_12.json,"The description indicates the person is holding a writing instrument and is poised to write, suggesting active writing behavior."
12,grid_14,minute_12.json,"The description indicates that the woman appears to be engaging with a writing instrument, suggesting active writing or drawing."
13,grid_00,minute_13.json,"The young woman is holding a writing instrument close to her face, indicating an action of writing or preparing to write."
13,grid_06,minute_13.json,"The individual is holding a writing instrument and appears focused on a task that likely involves writing or drawing."
14,grid_02,minute_14.json,"The individual is clearly seen holding a writing instrument and appears to be engaged in writing or drawing on a surface."
14,grid_13,minute_14.json,"The individual is using a pen or pencil and is positioned in a way that suggests active writing."
14,grid_20,minute_14.json,"The young woman is actively writing on a piece of paper while holding a pen."
16,grid_08,minute_16.json,"The description indicates that the individual is holding a writing instrument, suggesting active writing behavior."
16,grid_18,minute_16.json,"The young man is actively engaged in writing, holding a writing instrument and demonstrating concentration on the task."
16,grid_19,minute_16.json,"The presence of a writing instrument in her hand and the indication of active engagement with writing confirm writing behavior."
16,grid_20,minute_16.json,"The young woman is holding a writing instrument and appears to be engaged in a writing action."
16,grid_21,minute_16.json,"The individual is holding a writing instrument and appears to be engaged in a writing action."
17,grid_02,minute_17.json,"The woman's hand is positioned near her face and appears to be engaged in a task consistent with writing behavior."
17,grid_20,minute_17.json,"The individual is holding a writing instrument and appears to be preparing to write or draw."
18,grid_13,minute_18.json,"The young man is holding a writing instrument, indicating potential writing activity."
18,grid_18,minute_18.json,"The description clearly indicates that the man is holding a writing instrument and actively writing on a surface."
18,grid_20,minute_18.json,"The woman is actively holding a writing instrument and appears engaged in the writing process."
18,grid_21,minute_18.json,"The individual is holding a writing instrument, indicating an action of writing."
19,grid_04,minute_19.json,"The individual is clearly engaged in writing, as indicated by their downward gaze and hand positioning with a writing instrument."
19,grid_06,minute_19.json,"The individual is holding a writing instrument and shows signs of engagement in writing or drawing."
19,grid_20,minute_19.json,"The young woman is actively writing with a pen, demonstrating clear writing behavior."
19,grid_21,minute_19.json,"The individual's posture, gaze, and hand positioning suggest engagement in a writing activity, despite the specifics not being clearly visible."
20,grid_07,minute_20.json,"The individual is holding a writing instrument and appears to be focused on writing in the last two frames."
20,grid_18,minute_20.json,"The individual is seen holding a writing instrument and actively writing, indicating engagement in writing behavior."
20,grid_19,minute_20.json,"The description indicates she is engaged in a writing action, suggesting active writing behavior."
20,grid_20,minute_20.json,"The description clearly indicates that the young woman is actively engaged in writing with a pen, demonstrating consistent writing behavior."
21,grid_06,minute_21.json,"The presence of a writing instrument in the individual's hand indicates engagement in writing or note-taking."
21,grid_07,minute_21.json,"The presence of a writing instrument in the individual's hand indicates active writing behavior."
21,grid_18,minute_21.json,"The man is actively writing on paper and gripping a writing instrument throughout the frames."
21,grid_20,minute_21.json,"The woman is actively engaged in writing, holding a pen and focused on her paper throughout the frames."
21,grid_22,minute_21.json,"The individual is observed holding a pen and positioned above a surface, indicating active engagement in writing."
22,grid_07,minute_22.json,"The description indicates that the person is holding a writing instrument and is engaged in writing."
22,grid_18,minute_22.json,"The description clearly indicates that the man is actively writing with a pen while focused on the paper in front of him."
22,grid_20,minute_22.json,"The individual is actively using a writing instrument to write or draw, indicating clear writing behavior."
23,grid_02,minute_23.json,"The description indicates that she is using a writing instrument, demonstrating active writing behavior."
23,grid_18,minute_23.json,"The individual is holding a pen, indicating engagement in writing or preparing to write."
23,grid_20,minute_23.json,"The young woman is actively holding a pen and writing on paper, indicating clear writing behavior."
23,grid_22,minute_23.json,"The presence of a blue writing instrument in the person's hand indicates engagement in writing or note-taking."
24,grid_04,minute_24.json,"The description indicates that the woman is using a writing instrument and is engaged in writing, demonstrating clear writing behavior."
24,grid_07,minute_24.json,"The individual is seen holding a writing instrument, indicating a transition to writing or drawing."
24,grid_15,minute_24.json,"The individual is actively holding a pen and appears to be engaged in writing notes or information."
24,grid_20,minute_24.json,"The description indicates she is holding a writing instrument and appears to be engaged in writing actions."
24,grid_22,minute_24.json,"The young man is holding a pen and appears to be actively engaged in writing."
25,grid_11,minute_25.json,"A writing instrument is clearly visible in the person's hand in the fifth frame, indicating active writing behavior."
25,grid_20,minute_25.json,"The woman is poised to make a note or mark on the paper, indicating active writing behavior."
25,grid_22,minute_25.json,"The presence of a visible writing instrument in his hand indicates active writing behavior."
26,grid_06,minute_26.json,"The presence of a writing instrument and the woman's focused posture indicate she is engaged in writing."
26,grid_08,minute_26.json,"The woman is holding a writing instrument and appears to be engaged in writing or drawing."
26,grid_17,minute_26.json,"The man is seen holding a writing instrument and appears to be writing on a surface, indicating active writing behavior."
26,grid_19,minute_26.json,"The individual is actively holding a pen and appears to be engaged in writing, indicating clear writing behavior."
28,grid_09,minute_28.json,"The individual is holding a pink writing instrument, indicating an intent to write or draw."
28,grid_18,minute_28.json,"The individual is holding a writing instrument and appears to be preparing to write, indicating active writing behavior."
28,grid_19,minute_28.json,"The young man is holding a pen and appears to be engaged in writing or preparing to write, indicating active writing behavior."
29,grid_02,minute_29.json,"The individual is actively engaged in writing, as indicated by their posture and the presence of a writing instrument in the first frame."
29,grid_19,minute_29.json,"The description indicates that the young man appears to be writing, supported by the movement of his upper body and the positioning of his hands suggesting the use of a writing instrument."
30,grid_11,minute_30.json,"The description indicates that the woman is holding a writing instrument and her hand is moving in a downward motion, suggesting she is engaged in writing."
31,grid_06,minute_31.json,"The individual is depicted as writing or drawing, with their hand positioned to suggest they are holding a writing instrument."
31,grid_15,minute_31.json,"The description implies she is holding a writing instrument and is engaged in a writing-related task."
31,grid_22,minute_31.json,"The description includes a hand holding a writing instrument, indicating potential writing action."
32,grid_04,minute_32.json,"The description indicates that the woman appears to be focused on writing, with her hand positioned over a surface suggesting the presence of a writing instrument."
32,grid_22,minute_32.json,"A writing instrument is visible in her hand, indicating potential writing or note-taking activity."
33,grid_01,minute_33.json,"A writing instrument is visible in his hand, indicating he is likely engaged in writing or illustrating a concept."
33,grid_09,minute_33.json,"The woman is holding a writing instrument, indicating a potential intention to write."
34,grid_08,minute_34.json,"The description indicates that a writing instrument is visible in her hand and she is engaged in writing with a focused grip."
34,grid_09,minute_34.json,"The individual is actively engaged in writing, as evidenced by holding a writing instrument and being focused on it in the frames."
34,grid_11,minute_34.json,"The individual is actively holding a writing instrument and appears to be engaged in writing, as indicated by their movements across a surface."
34,grid_22,minute_34.json,"The individual is holding a pen and appears to be preparing to write, indicating active writing behavior."
35,grid_08,minute_35.json,"The description indicates she is engaged in writing with a writing instrument in her hand, suggesting active writing behavior."
35,grid_11,minute_35.json,"The woman is seen with a writing instrument in her hand, indicating she is actively writing."
35,grid_19,minute_35.json,"The young man is holding a writing instrument and appears to be preparing to write, indicating active writing behavior."
35,grid_22,minute_35.json,"The individual is actively holding a pen and paper, indicating engagement in writing activity."
36,grid_04,minute_36.json,"The presence of a writing instrument and the woman's engagement in manipulating it indicate active writing behavior."
36,grid_08,minute_36.json,"The description indicates she is holding a writing instrument and suggests active engagement in writing or drawing."
36,grid_22,minute_36.json,"The description indicates the presence of a writing instrument and suggests the individual is likely engaged in writing activity."
37,grid_05,minute_37.json,"The individual is holding a writing instrument, indicating engagement in writing activity."
37,grid_08,minute_37.json,"The presence of a writing instrument in her hand and her focused posture indicate active writing behavior."
37,grid_22,minute_37.json,"The individual is actively writing with a pen, indicating clear writing behavior."
38,grid_03,minute_38.json,"The young man is holding a notebook and appears to be engaged with it, suggesting he may be writing or reviewing notes."
38,grid_08,minute_38.json,"The presence of a pen in the individual's hand indicates active writing behavior."
38,grid_10,minute_38.json,"The individual appears to be engaged in a writing action, indicated by their lowered gaze and hand positioning suggesting interaction with a writing instrument."
38,grid_22,minute_38.json,"The woman's hands are engaged in an activity that suggests she may be writing or preparing to write."
39,grid_04,minute_39.json,"The description indicates that the woman appears to be engaged in writing, suggested by her hand's positioning near a writing instrument."
39,grid_18,minute_39.json,"The individual is holding a writing instrument and appears to be actively engaged in a task that involves writing or drawing."
40,grid_22,minute_40.json,"The description indicates the presence of a writing instrument and deliberate hand movements suggesting active writing."
41,grid_17,minute_41.json,"A hand is visible holding a writing instrument, indicating an action of writing."
41,grid_18,minute_41.json,"The presence of a digital writing device and a writing instrument suggests an intention to write or annotate."
41,grid_22,minute_41.json,"The individual is engaged in an activity that involves writing or typing, as indicated by their focus and the presence of text on the screen."
42,grid_20,minute_42.json,"The individual is actively using a writing instrument to make marks on paper, indicating writing behavior."
43,grid_00,minute_43.json,"The presence of a writing instrument in the person's hand and their downward gaze indicate active writing behavior."
45,grid_00,minute_45.json,"The young woman is holding a writing instrument and appears to be engaged in writing, indicating active writing behavior."
45,grid_01,minute_45.json,"The man holds a small object, possibly a writing instrument, suggesting he may be preparing to write or illustrate a concept."
45,grid_04,minute_45.json,"The woman's posture and hand positioning suggest she is engaged in writing activity."
45,grid_10,minute_45.json,"The description indicates that the woman is holding a writing instrument and is focused on writing in the final frames."
45,grid_16,minute_45.json,"The man is actively writing while holding a pen and jotting down notes in the first frame."
47,grid_16,minute_47.json,"The young man is actively holding a pen and making movements that indicate writing, demonstrating clear writing behavior."
47,grid_22,minute_47.json,"The woman is engaged with papers, flipping through them and examining a drawing, indicating active involvement in a writing or drawing task."
48,grid_16,minute_48.json,"The young man is actively engaged in writing with a pen while focused on a piece of paper or notebook."
50,grid_04,minute_50.json,"The presence of a writing instrument held by the individual at the bottom suggests they may be taking notes or preparing to write."
51,grid_08,minute_51.json,"The description indicates that a writing instrument is seen in the person's hand, suggesting active writing behavior."
51,grid_11,minute_51.json,"The description indicates that the woman is using a writing instrument and is actively engaged in the writing process."
51,grid_15,minute_51.json,"The description indicates that the woman is engaging with a writing instrument, suggesting active writing behavior."
52,grid_16,minute_52.json,"The young man is seen holding a writing instrument, indicating potential engagement in writing or note-taking."
53,grid_02,minute_53.json,"The description indicates that the woman is actively engaging with a piece of paper, suggesting a writing action."
53,grid_11,minute_53.json,"The individual is holding a writing instrument in their right hand, indicating they are engaged in writing."
54,grid_11,minute_54.json,"The description indicates that the woman is actively engaged in writing, as evidenced by her focused posture and hand movements suggesting the use of a writing instrument."
55,grid_22,minute_55.json,"The woman is depicted holding a small object that could be a writing instrument, indicating potential writing activity."
56,grid_01,minute_56.json,"The man is depicted holding a writing instrument, indicating active engagement in writing."
56,grid_18,minute_56.json,"The individual is holding a writing instrument and appears to be preparing to write or draw."
56,grid_21,minute_56.json,"The description indicates that the woman holds a writing instrument, suggesting she is engaged in writing or preparing to write."
57,grid_18,minute_57.json,"The first individual appears to be engaged in writing, as their hands are positioned near a surface, possibly holding a writing instrument."
58,grid_07,minute_58.json,"The presence of a writing instrument in the person's hands suggests they may be preparing to write or engage in note-taking."
58,grid_08,minute_58.json,"The description indicates that she is engaged in writing with a writing instrument in her hand."
58,grid_11,minute_58.json,"The individual is seen holding a writing instrument, indicating an intention to write or draw."
58,grid_15,minute_58.json,"The individual is holding a writing instrument and appears to be engaged in writing or drawing."
59,grid_06,minute_59.json,"The woman's hand position suggests she is actively engaged in writing, indicating positive evidence of writing behavior."
59,grid_07,minute_59.json,"The individual is holding a writing instrument and appears engaged in a thoughtful activity, indicating writing behavior."
59,grid_18,minute_59.json,"The young man is holding a writing instrument and appears poised to begin writing, indicating active engagement with the task."
